,TimePeriod,SpotRate,CouponRate,cashflow,discountFactor,presentValue
0,0.5,0.015615883221681948,4,2.0,0.9922224611860453,1.9844449223720906
1,1.0,0.020624174512252402,4,2.0,0.9795870491778869,1.9591740983557737
2,1.5,0.025127268975172257,4,2.0,0.9630105581214448,1.9260211162428895
3,2.0,0.02910437813752731,4,2.0,0.943452975149132,1.886905950298264
4,2.5,0.0325340657608737,4,2.0,0.9218846567389261,1.8437693134778521
5,3.0,0.03539422939250114,4,102.0,0.8992603488343869,91.72455558110747
